{
  "rounds": {
    "round1": {
      "total": 50,
      "neg": 9,
      "pos": 41,
      "zero": 0,
      "none": 0
    },
    "round2": {
      "total": 50,
      "neg": 3,
      "pos": 45,
      "zero": 0,
      "none": 2
    },
    "a1_flexpep": {
      "total": 50,
      "neg": 0,
      "pos": 50,
      "zero": 0,
      "none": 0
    },
    "a2_pharma": {
      "total": 50,
      "neg": 0,
      "pos": 50,
      "zero": 0,
      "none": 0
    }
  },
  "sst14_wild": {
    "round1": {
      "SSTR1": -162.29422030775459,
      "SSTR2": 16272.627628275202,
      "SSTR3": 454021.0552375431,
      "SSTR4": 4998.4036189651115,
      "SSTR5": 294167.46120936784
    },
    "round2": {
      "SSTR1": 17199.885938430336,
      "SSTR2": 720.1999843218628,
      "SSTR3": 10319.789316536744,
      "SSTR4": 2830.6667169243597,
      "SSTR5": 166.98596690021577
    },
    "a1": {
      "SSTR1": 16667.79295977415,
      "SSTR2": 19636.17832693802,
      "SSTR3": 22624.829915809463,
      "SSTR4": 25549.042444659506,
      "SSTR5": 29272.298076648894
    },
    "a2": {
      "SSTR1": 31344.37507520195,
      "SSTR2": 37588.457239723204,
      "SSTR3": 1828.2064099972292,
      "SSTR4": 11619.135367215873,
      "SSTR5": 6.957825309649991
    },
    "ki_nm": {
      "SSTR1": 0.4,
      "SSTR2": 0.2,
      "SSTR3": 0.8,
      "SSTR4": 1.6,
      "SSTR5": 0.3
    }
  },
  "conclusion": "PyRosetta 단독으로 SSTR-펩타이드 selectivity 도킹 불가",
  "next_steps": [
    "Boltz-2 (sysadmin 허용 필요)",
    "HADDOCK 설치",
    "apo receptor 구조 준비",
    "Receptor relax 추가"
  ]
}