{
  "rounds": {
    "round1": {
      "total": 50,
      "neg": 9,
      "pos": 41,
      "zero": 0,
      "none": 0
    },
    "round2": {
      "total": 50,
      "neg": 3,
      "pos": 45,
      "zero": 0,
      "none": 2
    },
    "a1_flexpep": {
      "total": 50,
      "neg": 0,
      "pos": 50,
      "zero": 0,
      "none": 0
    },
    "a2_pharma": {
      "total": 50,
      "neg": 0,
      "pos": 50,
      "zero": 0,
      "none": 0
    },
    "d_alphafold": {
      "total": 50,
      "neg": 1,
      "pos": 43,
      "zero": 0,
      "none": 6
    },
    "b_boltz2": {
      "total": 50,
      "high_conf": 38,
      "valid": 48,
      "mean_iptm": 0.9157207596302033
    }
  },
  "sst14_wild": {
    "r1": {
      "SSTR1": -162.29422030775459,
      "SSTR2": 16272.627628275202,
      "SSTR3": 454021.0552375431,
      "SSTR4": 4998.4036189651115,
      "SSTR5": 294167.46120936784
    },
    "r2": {
      "SSTR1": 17199.885938430336,
      "SSTR2": 720.1999843218628,
      "SSTR3": 10319.789316536744,
      "SSTR4": 2830.6667169243597,
      "SSTR5": 166.98596690021577
    },
    "a1": {
      "SSTR1": 16667.79295977415,
      "SSTR2": 19636.17832693802,
      "SSTR3": 22624.829915809463,
      "SSTR4": 25549.042444659506,
      "SSTR5": 29272.298076648894
    },
    "a2": {
      "SSTR1": 31344.37507520195,
      "SSTR2": 37588.457239723204,
      "SSTR3": 1828.2064099972292,
      "SSTR4": 11619.135367215873,
      "SSTR5": 6.957825309649991
    },
    "d": {
      "SSTR1": 24432.04847406442,
      "SSTR2": null,
      "SSTR3": 26435.964057336143,
      "SSTR4": 18655.723472802478,
      "SSTR5": 28567.246930165013
    },
    "b_iptm": {
      "SSTR1": 0.9752767086029053,
      "SSTR2": 0.9460663199424744,
      "SSTR3": 0.9583033323287964,
      "SSTR4": 0.9556458592414856,
      "SSTR5": 0.9126521348953247
    },
    "ki_nm_measured": {
      "SSTR1": 0.4,
      "SSTR2": 0.2,
      "SSTR3": 0.8,
      "SSTR4": 1.6,
      "SSTR5": 0.3
    }
  },
  "boltz_selectivity": {
    "cand00_AGCKNTFWKTFTSA": {
      "seq": "AGCKNTFWKTFTSA",
      "tier": "T0",
      "margin": -0.13783997297286987,
      "best": "SSTR4"
    },
    "cand01_AGCKFDFWKTLTSC": {
      "seq": "AGCKFDFWKTLTSC",
      "tier": "T0",
      "margin": -0.07403779029846191,
      "best": "SSTR1"
    },
    "cand02_FGCKNFFWKTLASC": {
      "seq": "FGCKNFFWKTLASC",
      "tier": "T1",
      "margin": -0.026216089725494385,
      "best": "SSTR3"
    },
    "cand03_AICKNFFWKTFTSC": {
      "seq": "AICKNFFWKTFTSC",
      "tier": "T2",
      "margin": 0.0076410770416259766,
      "best": "SSTR2"
    },
    "cand04_AGCKNFFWKTFTSC": {
      "seq": "AGCKNFFWKTFTSC",
      "tier": "T1",
      "margin": -0.029210388660430908,
      "best": "SSTR1"
    },
    "cand05_IKCINFFWKTFTSC": {
      "seq": "IKCINFFWKTFTSC",
      "tier": "T0",
      "margin": -0.18610411882400513,
      "best": "SSTR1"
    },
    "cand06_AGCKYFFWKTFTSC": {
      "seq": "AGCKYFFWKTFTSC",
      "tier": "T0",
      "margin": -0.04531067609786987,
      "best": "SSTR3"
    },
    "cand07_AGCLNFFWKTFTSC": {
      "seq": "AGCLNFFWKTFTSC",
      "tier": "T0",
      "margin": -0.06413668394088745,
      "best": "SSTR1"
    },
    "cand08_QGCKNFFWKTFTSC": {
      "seq": "QGCKNFFWKTFTSC",
      "tier": "T1",
      "margin": -0.02858513593673706,
      "best": "SSTR3"
    },
    "cand09_AGCKFWFWKTFTSC": {
      "seq": "AGCKFWFWKTFTSC",
      "tier": "T0",
      "margin": -0.041890501976013184,
      "best": "SSTR1"
    }
  },
  "recommended_candidate": "cand03 AICKNFFWKTFTSC (only T2 SSTR2-selective)",
  "winning_method": "Boltz-2 + AlphaFoldDB MSA"
}